0.8518577678549979,2.2411680266725655
2.306309177443496,0.9277866143488158
0.8247505449816035,0.8027002055143386
1.9685584961533606,3.5286516776103913
1.9935418541171808,0.8048004273665642
1.4028674996736816,2.204108690915615
1.0921384535005665,1.1094493366079266
2.8126067272397695,-2.198724640174418
1.4626340174987233,1.2812166928170485
0.5816826566191582,0.8758654808178389
1.2491217740387903,0.040206029988473224
1.0638678249826112,3.422537159836063
2.5719181055683924,3.102730743169193
1.3747640605307279,1.8278841332180038
0.8648722794011439,1.6568567043262843
1.5867668796626027,0.0742589029604499
1.0024951739994128,0.17584947250654315
1.4825099285185774,-0.15558217588983658
0.41695293299410474,1.5278330199681074
1.519618314079728,3.0089165656808747
-0.16986687462395866,2.321682342934208
0.8184752388242764,3.2846903181252634
1.2960349434789695,1.0161931369205495
1.9652407849972209,2.7244064121718328
0.9116327393342427,0.592872946958956
1.3671895349495058,-0.37358263475215603
0.7644510329191034,2.245374871877896
1.4282542749247098,2.4978390235000347
2.2895396102660674,1.041577814038679
-0.1425873440148515,0.2308796122694381
0.2658013418952202,1.30559831092523
1.214778087862445,1.019552506232345
0.5419997971690654,2.2640010013538796
0.7668526609458407,0.19577350364903356
0.9141373350267792,1.6305034762184532
0.0953710766146103,2.691611821389773
0.49036682620668903,2.379775639332025
0.5213793701067593,3.5763324893876485
1.854123182129009,1.177800341980217
-0.41884653777482383,3.5363362605576647
0.4672898968267273,0.6660036593642664
1.2878809500206019,1.810896294847378
1.0898806554382718,2.7017172248014507
1.08050018389061,1.6420760363095888
1.9140089104891298,2.758275878474902
1.4442424298888241,0.4938236327901988
1.136468390048206,2.5542498790985637
0.885564450585764,2.7990034726441593
1.9981845345622649,1.7300464607320447
0.9752305911654897,2.702822841928615
1.5179841228488375,1.0285029948944124
1.427214407181308,3.6162168676970143
1.0092655451626777,0.6812415628561861
0.2778186600713547,1.260723256781613
0.9516151624798794,2.602249903472744
2.289498609061888,1.3320418368071643
1.797950440189274,0.735334138436228
0.19847009911727942,2.3699786364876694
2.3992577076009614,0.5975801821530611
0.6827563854801942,0.931273138766537
0.9518175737515515,2.4969176656625973
1.7019743293814045,1.0584464135951344
0.8118731561395804,3.1853341130928596
1.7905155835492514,2.6887764040686495
0.46176759197959083,2.579924130835882
1.5857710901438962,0.12598782638927553
1.273564148214191,2.709541508915448
0.6798003866163249,1.0128498598522255
1.4879529041686776,1.3263181113678413
1.2628996233745706,1.2994460302614697
1.2899493651406828,2.959412540791841
1.063499680987472,1.620572575321725
1.8427345448711598,4.236195927267621
0.9581140522528164,0.8186405841559609
1.2725374700315515,2.015349012473412
1.2615832104667954,2.2040990323924574
1.25680703987166,0.08908074515179654
0.8237080012330555,1.7789186187668367
0.25788504241555155,0.9070877854074472
1.13056442338502,3.462127287952014
2.2448419535507584,2.085508894261131
1.5498070758711122,2.8173452284017184
0.8959092718418011,1.9934034653278792
1.4669498425820788,2.5405512526253666
0.8255643242314061,2.9150038126650504
0.4401826942714384,2.0457320330357915
1.0517169098308239,1.3025580588283519
1.3042805791487873,2.169149178795133
0.9272089253274003,1.1790710041984682
1.6792723043406594,2.003180141714394
1.762213482847186,2.379181076293153
1.2937327357042465,2.019451642077481
2.128258824840792,2.7650186548960747
1.0766127511679695,2.2938608322328733
0.9863522840720647,0.755203177942245
1.0405444078813457,1.9621071089598219
1.2451102766719646,0.8565600783240462
1.543871377950273,1.1616698063974988
1.1391183714185196,0.35852927094724696
0.9571399858388819,2.9644739605864157
-0.07693401451381465,2.2900703872876917
1.6227152792891597,-0.675496753216839
0.17590767819883357,1.7801406552048924
0.11622366513640592,1.1906996401493213
0.7291279969568469,3.935025867693358
1.3253953640048264,-0.992139417063636
1.181432574320952,3.099554285539134
2.229943075417748,0.6478452225128382
0.2980924899071007,0.10129899216367955
1.7226813948618296,1.9867974582009311
0.3560142418221771,1.5417055914830815
1.6131005725028933,2.0657772408249007
1.0438248493607716,1.7012230664206056
0.5602161872915353,2.6237778671249705
0.731819107548209,2.425594448729867
1.3322710595162839,0.8569424409333503
1.7555099010301283,0.13189083803219348
0.5074328014416608,3.7686842141338595
1.9574477673242197,-0.6516039741696256
1.3258664903578334,2.9309045820745236
0.8838802760554318,1.7745277968197646
0.33994216091172247,3.5075623017857698
-0.5169333914899061,3.939057751542759
0.602658843888847,1.1744744203833124
1.9024233170643605,2.5783682132691306
1.5921088603758453,-0.1288201975310388
1.2144817484814394,1.6836506320115996
0.5530966049146618,1.031160752603073
0.5807908968191131,3.748229726898123
1.6342699744642846,1.10267555141517
0.38209318215339305,2.2529125130073897
1.1220146282570156,2.094811182163177
2.431297076882882,3.8344882534266813
0.5876671746720638,2.539270460019165
1.5882613446812477,-0.5196681711615909
1.0829520269258297,3.102081311843595
1.9447624829881218,-1.050591816331616
0.48091276525233106,-0.5128618759317112
1.0016883922161819,2.409813476615793
0.8500349635552336,-1.3862195555183345
1.3310504821214044,3.2412964813340857
1.850121997847471,1.5387828552367702
1.3425806006162855,1.51174035147246
0.8076474793928066,1.1804788697555837
-0.42135403575003827,2.0516375596438934
0.5200687718545846,0.5633508483326695
1.4944979702323216,2.4412246369808384
0.420399082386016,1.5051932130167986
1.1438664704016035,1.9822511201536686
1.4355970724614977,2.8964535991030607
1.0549974712023682,0.778751976819208
1.4458663712817246,2.5512554423951324
0.7418893931530559,0.8439098163548234
1.7595379413262382,2.485323642918293
0.8915347296467878,4.382189853415696
1.9631890014620006,2.408458808687448
0.39448961078165456,1.5842249789414895
0.5845170182939217,3.2990547966246746
1.8205705035650597,0.1859648756299641
1.8072359363509594,2.1356674888557188
0.6825848851253749,1.2455686408544104
0.7005378649078686,0.8576295314704391
0.8053300677190363,1.1888430055588195
1.2016790366455061,2.1970472232666705
1.5615076357444686,-1.742788234306849
0.7452377715391275,0.4559713178299565
1.1025778016207166,-0.8632902894579728
1.53217040694744,1.563935109679778
0.3849145149621849,3.0991365753076217
1.2175475028229412,0.16070284007892766
0.29345564434351357,1.560861805316959
1.1898544623770544,4.002040093576856
0.43886486362242494,2.4997673252276393
1.0724144231232133,-0.26458430481067374
0.8286068958392294,-0.10562927360910268
0.9201817280516069,-0.16436693883274667
0.7556611392937188,2.385105138594589
0.4469129126387972,2.598029211691116
0.6058868476019117,0.7363850487750767
1.9572483333840776,3.03829983347757
1.4420191279033088,1.998620585404784
0.8977011092092724,2.269314660579683
1.3708072463709684,2.3010618036743935
0.7665835756783244,1.6693734097650792
1.052565782662901,0.20763385091052822
1.3863320875988938,0.1761693955751542
1.268971789948963,0.8587999080186088
0.2878735652187312,0.836714033530996
0.16340537946819167,5.347879701633678
0.7838811100762729,2.401713940052788
0.5941735807328695,-1.1850422630339819
1.038753121125808,1.6809829972153822
0.10565003117268557,4.100083956568672
2.026446025359573,2.2775144808990406
2.071033286642203,-0.3451198476177755
0.7581523269095647,1.46676147632463
1.5133552987649805,3.122142924754595
1.511253541178155,2.3086785994013916
2.1349341103083326,0.5924506370277107
0.9935071155303702,0.1579865730633252
1.2139795723310205,0.9835291293504275
1.5111297419161989,0.5314862053096727
1.1327627434870065,1.1459231719174214
2.1967257793397135,1.3747182028061853
0.05659153165681263,1.5097072605603583
1.7220040162057746,-1.1657495222358776
1.2996739635733863,0.7900299111168533
0.09274357602794203,3.1663695188186747
1.3600540878480991,1.9522704770931305
0.9564179478359345,1.0760982099357663
0.9863331107684532,3.5104863559913486
1.7036815414390554,0.3841964893741736
0.03307002241518209,3.661323272325788
0.9117068394836811,2.876005921174213
1.37032706033025,2.441845631174897
1.7243861487850662,1.112006830449846
1.5719575459449284,1.9026934939017677
0.7935391441759108,2.8536094465924937
0.8119189521773696,2.0225908089079234
1.5058377454959126,0.9340555252700729
1.3581362829411217,3.003931458105558
0.6472854658717403,3.0994784257292003
0.8590745030352012,1.0129251755398077
1.6827638988738445,1.9044278408415305
1.37287967469811,2.7350080913021992
2.078755004326989,-0.006707468713981424
1.8342670843473063,1.6673671040313716
1.6288977220700604,1.3855134846533488
0.35777849136995477,2.7344750107905864
0.5597643071949171,2.722233510910627
0.6400214778889268,2.4148818348113954
0.3008992482412365,1.4821629529429243
1.3640788238499126,1.8821450935952018
0.7771546698899887,3.14936818468985
0.9775301325761163,1.7760017548538038
0.9676894144225663,0.7528626065707341
0.4820790910231181,4.272801657902779
1.5437668025528155,-0.7279465226225428
1.8312933061193433,0.6115626828016114
1.9234546675738535,-1.3585279937459562
0.8297366952554681,0.9841140983374184
-0.08028104363952226,0.026932424688842937
0.9197566917251133,3.3702491369864616
0.8138555591292762,2.6278284003543737
0.526483954349817,2.8526664009206453
1.4252264429789998,1.9487800961840596
0.7853560804601885,2.363865773435147
1.0629558455521813,3.1340332595368223
1.1922403578351253,0.22466358490510752
2.9605003455846726,-2.599934771872404
1.4774785545173943,1.3143814365921318
1.6233534172665047,3.0222385206098235
1.4839323117886998,0.951913830177953
0.6568847799305095,2.4093295084422293
0.4074860006826818,3.5153190091000477
0.5841538348590961,3.303579011212876
1.1624820032935599,1.1282559551008098
2.1984306965017395,1.2412436409533547
1.4967372196905215,0.8077732537461749
0.6143096260021534,3.2777064692193054
0.7442233588716858,2.439668148713134
0.7280874690483479,3.6266746232021934
1.4981048196817828,1.4513287228310838
0.3736354744044852,2.361579476155142
1.1457886833841473,2.979050677471176
1.2888738747428716,0.45061827825899314
1.351808514839457,1.716146836331162
0.7539605241934055,2.9523944247502456
0.7781180524447211,2.9695400484478274
0.867306074265669,3.9298377754927687
0.9850766316211538,1.7690499293810895
1.303566089330986,-0.6011708151854531
0.8068119433255077,1.8486710113906781
2.8355629479701485,0.71379418823144
1.4532703258836186,3.540169667600066
1.252484260284092,3.387474748059891
0.46702742558211274,1.9735941520328124
0.33395416171732006,1.2103252965039628
1.3515478812475061,1.303110037122453
1.2722914694329208,1.6702754817825822
1.8785264186574295,2.6001611047341404
1.4506500072171,0.5079389544330357
0.8291199728145757,-0.572403451719905
0.8531786499639777,1.6225913354410697
1.4684645636887868,0.3695146996475771
1.364077271934823,2.3640128396502926
0.5692701413891746,1.6582888453951121
1.4017511781181524,2.4366403899677582
0.28392484558399333,3.0226727600822483
2.0917355952585477,0.6627516146427173
0.5510435440232245,4.149056257157264
1.1153112384544484,2.3154865404650593
0.5097356151612544,0.6530070470079417
0.7870029323833801,0.5457495992840622
1.721403333697069,3.008024683436676
1.0466081773454303,1.5991473820479722
1.0686175894082963,1.8912721080691033
1.4736263801659133,2.4774209677107777
1.4158039252538241,3.477684122257644
1.0933264051537037,1.9630536183706215
3.0477715988640517,1.685753251251635
0.40200807783424286,1.371792039950415
1.0200929783266999,1.7967137179246682
1.1154741309364373,1.868183030016718
0.3061964894852497,1.1857274902929524
0.9629124169820742,1.9429050719097727
1.1741363472024793,2.878208949364379
0.6932940987925504,2.3355930802498577
0.6162395249099711,1.7497113841407166
0.8088759213808949,2.848561162485042
1.134318981935491,3.14776372913225
0.45518443410418286,4.077516519079822
1.5999341409086387,2.25775959635089
1.0223610947521156,1.3380778051363733
0.9452175603974539,0.4603652592566352
0.9591977628618401,3.313388332452459
1.1810899486379949,0.276350119189376
1.1781339181398895,2.542645355261415
0.17756426925315316,2.6836257404868338
1.4781870751846713,-0.09255883497432471
1.9172652078985652,2.5892487473678756
0.33585778440895253,0.2318436395567962
0.44561394166366297,3.239166115541252
1.4235513447129706,0.8393390407872299
1.0886627673821154,4.41178900685083
0.4836961265389511,0.2743285482047637
1.071556189155608,2.3709203774301693
0.7022444647554733,2.456770342491004
1.3806452962098992,3.653888484603559
0.9359913905639912,0.6254814394021169
2.131475327286716,0.29644900707812605
2.306342172232122,1.3319163646999068
0.922082361904712,0.7934599987263014
-0.1943419061437457,1.782831680865927
1.2150650540214387,0.7844291735431819
1.3884066008542444,1.6461894950738079
0.44127782075341127,1.3266956732953235
0.48301126963080876,2.7048841414095013
1.0394083083909866,0.26570925405700585
0.06730323612000988,3.535685552037855
1.221152013577075,-1.2295378255117084
2.209315738934026,0.08528241273270964
0.7641352709520531,2.317992699596016
0.9840277444951324,0.5374450158362678
1.2181986768629165,3.6707614010096314
-0.07888068021705252,5.421352066454903
1.0670692641328114,1.1468189373741553
1.3562531577313117,1.0683680076570763
0.053176596540309484,2.6173324565416016
1.7238907565791703,2.9075300454332
1.3386453722131462,3.2237946295359663
0.40739613306598277,3.4623506184493342
1.3844994867106353,1.802569246837722
2.081208484133997,1.7890263885236468
1.3222354598609751,2.7879904370811106
1.6605367447290675,1.6589321508852277
0.5014923371818127,1.4354028564769632
0.4199167518778252,1.612921637208382
-0.38075075467077135,3.187834033873205
1.6193542876693106,0.3497232404318156
1.2931439877725883,3.4107852502091784
0.015959659735232723,0.5752479006429221
0.5887992615440619,4.504945108047377
1.6338687223602808,3.1139222426760567
1.4985382485441767,1.7108874598246417
0.8829390997258943,0.9569805537829811
1.113530981104414,2.296404234612231
1.5701772857660965,-0.09359316838489962
1.342985663959322,-0.3713600673085886
1.6368311428055358,1.7141973506177133
1.5446971916962982,5.3893181326626864
1.2040240198734915,2.631899646474347
1.2901931132625577,3.395451410662912
1.5668663057923586,2.929004684384307
0.4784276075304956,0.4443121828107741
0.3786351156784583,1.1139756237125118
2.257039172463966,2.8544339441479845
1.0643555065252506,2.939886833463227
1.1084849197865996,2.2321965664418317
1.5672745178944527,-0.6246678079806598
1.4019535286441132,2.1288080115496784
1.4402058972728806,0.14951663393180792
1.3049082733479107,0.31246866967780496
0.7337118425152274,1.409495397911674
0.9478657800470813,3.923240210375474
0.9963334332241374,1.6743957522052149
1.0777886005304302,1.9676463862345028
2.075373743463274,0.5923921279884368
1.3149446267597642,0.9117665994020497
0.9380545444429914,1.5313819130446036
0.37220755915118264,1.8774469357349046
0.4063902232376627,2.652906962921171
0.6022158668126255,1.5204593647524562
0.7347957161720343,1.8535887556394648
1.2300262560785549,0.2957899646519804
-0.2614052574956216,1.1950125124180735
1.2743947571951637,1.3739051760461163
1.6197317939340081,2.272258557513996
1.8263493652837934,1.5102782298777764
2.0488104722915317,0.27298495774238263
1.114049874683007,0.36579521798782366
1.2355690261423904,-0.6967526872578111
0.653829642029526,0.5388619237098435
1.6797880935818958,1.229043923453523
0.9791306255225631,1.3881689258349563
1.8972259758954415,1.6953910312158924
0.6273077765898613,5.00292372517303
1.9750887621342414,0.5207386425191687
0.41383536866800885,0.8438550336066631
1.0373337831734857,2.115098058541192
1.6365918764156795,1.1226907743255512
2.2038819188661383,0.32053990104474694
1.191006973356558,3.3975694978232043
1.3034054441892118,0.20853722008710096
1.3924808625513219,1.5602442734980655
1.6969704322304027,1.6879375261813307
0.4411604168211588,0.964007851265843
2.0434515151432375,-0.309397798276585
1.8103380829475526,-0.5098570432224823
1.2778707138014216,2.3156767056275767
2.2460198494148633,0.6647812835206179
1.4645534375020846,1.7144462304179626
1.8834886914343887,0.8635679838897765
0.9944148554641687,1.614124621705851
1.6552195815349853,0.3498664514071168
0.7386235448623174,2.009597958175108
0.1756699651048318,-1.0256723787303632
1.337641596290199,0.833993239420881
1.421733464017486,2.2344115436655354
0.7020466678481369,0.6260248348780013
0.9757992142664862,3.6237372077368772
0.6260362299581687,2.737648993899575
1.5602525859125183,2.8404863819303214
1.505760096630193,2.0710740682378166
0.3670994174775781,3.6571438464661066
1.3243702300269418,0.6733216944752192
1.8551526620843282,4.250993131803998
1.3250480598478867,0.9980485997640555
1.725242252632201,0.13335716343750348
1.1288614165833204,0.6513720982207791
1.0331071701778654,1.1559181031956722
1.4596673234043203,1.8656795299555857
0.08077000910263021,0.2752321971599687
0.40400054903544635,1.8671497277729905
1.4210687178068728,3.4593929211195995
2.270323553322692,0.7435200597384733
0.4051441592218844,3.2122763250375277
1.8803125637787128,2.1609436920879
1.087904889290818,2.2389603881125133
1.4813178038698334,2.4851167276883865
1.0848811205415345,0.7271716614626587
1.015497112612658,1.519724739168861
0.9934106810029604,2.326944985047097
2.077183097638241,5.003667170144851
1.409984784796114,2.782121715205311
1.7645442484941425,2.0087751513661014
1.0667210505689955,3.6133015464033087
0.2586916972176444,2.503618342325494
1.23229241394109,1.5992679664132001
1.3804631920724648,1.836770778300516
1.7388878468993743,1.5340764515871799
0.8976205727277253,0.9849307086763992
1.4189831172381477,2.644636841140783
1.1618611800320526,3.430273935052078
0.6484146086503907,1.4854591495479732
0.7694566435845887,2.3911318270182895
0.9556681468878456,1.2028187020007992
1.5109298484497784,1.3569790244544064
1.2593529277647344,1.5444787192263156
2.198583264147758,1.5390312858748034
2.119297126188902,1.4162738361841882
1.8343890457099328,0.591710995277466
0.9705578009747279,1.1117897316165317
1.7638010095835353,2.3930497367442527
1.6564461563521986,0.6053639165953468
0.5013564185885911,0.971447946854894
1.9011144969932259,1.5783495113759958
0.780483261693104,2.712022669775952
1.0734382852664468,1.764203165615045
0.9642915145691837,-0.860067081979552
1.4260026776111365,2.042237457415294
1.6724889250160917,2.0471196056480565
1.293424704434608,3.2839242937431887
1.2395009063290439,-0.22961869733769968
0.2901652526377949,2.394220528346386
0.7701665923385217,1.0756940413965927
0.8682513045615974,2.857297982593323
0.4196130050167032,2.7104414893000235
0.9861307287874008,0.3373902697454221
1.2861042762329356,0.23986059678644955
1.4079632233214519,1.4108838887517556
1.435945379002519,0.9051680472972369
0.4717615565935356,2.891113079222322
1.3417683237563884,3.309028515857989
-0.453790952919926,3.584605453411784
1.7304981679836833,1.5918835182734223
1.014454773545116,2.652506383329713
0.6066396535475864,3.0581855848618322
1.5597513302886765,3.2050004219807358
2.170609392804517,0.3227837283249906
0.001293376643646038,-0.7435228571777635
1.7850361322798591,-1.3018358191983843
0.1884888636172094,2.4356015391735943
0.6720600476256526,0.8999411798703172
1.5253008526892322,-0.734315601415966
0.7700562293348509,1.3132270825425008
1.0149246812563486,0.2862273667826012
1.503823997075312,-2.057328369968272
1.8569809657960925,0.5167984418878893
0.3378938577798031,2.8617800127930018
0.9464468787921997,3.1585070656466767
0.8401689001593398,0.8478438234796409
0.7875004902972389,1.142024422969258
1.2326308606914056,3.0774019402480035
1.2928548615434883,-0.03413888029999579
1.1063796901993983,1.4464099638925185
1.4014395670582132,-1.507772892751098
1.9877782523498249,0.9892642578517781
0.7792217508618892,-0.7068285994627899
1.0665314508031352,3.8322644546414004
-0.1956705544877595,3.436025144992305
1.297731425789658,4.059743321944566
0.31461273380380905,3.5203283675637365
1.5384357513299398,1.0081190901952135
0.865285479783571,0.40451802349729404
0.6490747468116977,2.143612351819148
0.9450777919337146,1.2717145575201336
1.4499455301360369,0.752775621522629
0.9706392911491404,2.045638264657293
1.1909563832054824,2.7553336022164694
1.2578839989283863,-2.1204813649620515
1.1993771223146918,2.354836227803548
1.3154237252582446,-0.11594270656851746
0.8797256425216662,2.7575497590040006
1.7483550504136454,3.9845508463239905
0.32462123492401285,2.9470838895823235
1.2845515658444837,1.4750702497766883
1.8185515070810163,2.3651028920615995
0.7855968646017124,2.413915000700429
2.208041007131348,0.21651772563919658
1.0509812137619627,1.5037762973419677
1.9559594359125156,1.8390365607565016
0.3757895734412978,1.3189414285595575
1.6709053447056945,1.380175026619872
1.4734948598701458,-0.0887046257307127
1.8224069641920502,1.7375323466353396
1.3488952839057402,0.859090520136068
2.04734185586193,0.678539296502197
-0.18233608614025054,0.923569409088009
1.9380484383645313,1.4001082804992606
2.0604093419787914,2.2627794024213697
0.9361032029309713,2.3288497212539214
0.8636868395307584,0.9822042569575333
1.014939622275457,-0.40007999208615885
0.851664098178377,1.7467715573007636
1.4752897737983024,2.6570317709965363
0.6953437938836979,2.3790242883125257
0.9216448966391919,2.7720177447595207
1.8411310601499769,2.325673139196802
1.3144549141498558,0.550789402610818
1.8458364760114385,-0.5341624540150791
1.429106496530915,-0.15235345346605667
0.25610029311206906,0.3289394080314776
1.238598698375446,0.7548528979429571
0.95886120902583,-0.0038110379703220065
2.2288243767996465,1.2598450110401596
1.4042752831124679,3.07176172405265
0.482974539454879,0.5477382976745435
1.7818512115775553,2.3288917239308087
0.928079499817595,1.19853097444577
1.742616790815025,-0.27104783302042357
0.7604982612253246,1.4777958274481529
2.1022363501555676,1.7909555905837988
1.6754811390176871,2.6549234650628146
1.1499246415557005,2.436922052132432
1.3910898340872473,0.765521945457465
0.7866935503742454,1.1888266208355556
0.2468275384491715,2.4967294158714832
0.6646123280316589,3.716007505429653
1.9912869694094233,1.570169290163515
0.39950662669656034,3.428337642603057
0.33403187980238147,0.10503825033351011
1.3619872570233187,2.4257969701095625
0.9275054272104851,1.4058449232387467
1.0908090397912424,3.942056918563308
-0.016015531105016523,2.6390641004309816
0.8284607553951278,1.1466317505544252
0.2241745287803849,0.2827361381385951
0.9529452971308343,0.720167030310602
1.1007224262281134,1.6385467691646614
0.3480226459578142,0.7476651770980298
1.8166026474157777,1.1290982927177042
0.7927936485100107,3.2852554630880917
1.8487947007886367,1.356732124861357
0.8675750351412088,2.8229349466531923
0.9932496843990452,2.2966487548564345
1.9505240849744854,0.20933478149741158
0.7951738018241781,5.373811423893584
1.6249847128213668,-0.5312427617005593
0.6348198642681118,2.2263761837604816
1.0022895637304794,0.7967489005419527
0.9143619810487533,0.9040362654944135
1.3591265181570338,0.5097492779938115
1.3590787131217938,1.3336026899514524
2.286491405493408,-1.3275900523500823
0.1698935183915028,4.439566632803952
1.9989310816367603,-0.6074347234871449
1.6206252438425341,1.5659954040630308
1.6168597778052929,-0.1924933627589498
1.3598575562882378,0.06187489383346678
1.3476560430907378,1.0615348802644649
0.9755418029819081,1.8317872067380954
1.5295664803003748,1.9416322545238194
1.8028067633607916,3.1137010738568205
0.7664662148075908,2.1450245936904095
1.016650484250977,-0.6704846916091158
1.1103903033965192,1.87918173105729
0.6626714377205163,2.388084784026865
1.0331170060213801,2.011889465148855
1.8615787409132076,-0.5369064116841638
1.691278255260519,0.10188638531461613
1.0367390310201698,2.253262416456402
0.6757227907588379,1.186206865343
1.239091681097838,0.614345385512143
0.41384892264947015,2.3213017218266456
0.7993757350443367,2.4503177558621365
0.7440244507250023,1.1434280348884776
0.8942643117690331,1.5644451385798455
1.082531010755246,1.5282576627451183
0.6526870803532919,2.0454657384339243
2.096817223838177,0.7290716685111915
2.282391555592313,1.6460020892655753
1.6031433944256133,1.22468503527945
1.302976276017645,-0.04766261695947649
1.0256258372433227,2.1335823731896344
1.217036216657831,2.2585935019577144
1.539705705952029,2.389335405867737
1.6028818184264073,4.533555263967065
2.04972134158049,0.7168438029208717
1.2976877295814992,1.5336677082688055
1.118177164814318,1.58549788877537
0.7256716180306904,2.785311909857818
1.0177681667498832,0.32531828011851704
2.199039592111924,1.517271797469315
0.5360818211777871,-1.4283685058786317
1.6602068145940891,1.833844849552485
0.48025699837151015,3.235314495146273
0.693341378875137,0.5711049079401307
0.9492793351293074,1.235426796330515
1.93861519588133,1.6683392452363157
1.3192474576681568,2.8029519164301466
1.0210466638347793,1.7828954323856632
1.9210517040099888,-1.8633742347891062
-0.12589980384386434,1.9084364627158987
1.5769980318919332,2.277822344687806
1.5372478799347213,1.6357398160415122
0.8684792418508118,2.305235467144313
1.5808259882413682,4.096427133288538
0.5980284382050028,1.9535299599742655
1.2249983190020555,2.4909671776144213
0.6208823155029967,2.6740614860109027
1.5068716962733324,1.6577627479487065
0.27482680174516894,2.336541339180693
0.7649665670279464,1.0655175170753945
0.8502099619635817,0.43427714226447645
0.8418915573832297,1.415631971867007
1.0317189078142064,2.484473490566269
0.5900482985655319,0.3992456068351806
1.7485787123084566,0.3294300377340762
-0.4888756398269192,3.5371781071875885
0.469755329856003,2.018341354502039
1.6296741182069272,1.0975460155180703
0.8176397396429326,2.205101332897188
1.661201493951367,2.454229048872503
0.6814037807323119,3.2169498497209355
1.2455575926645746,1.7383702088989401
0.9475949786168577,2.4252340106955543
0.16774850634782013,2.8836826012830192
1.6075347976863257,0.007189475380094068
1.0845153526590852,1.4920322732297944
0.8848655927537451,-0.6702028683625141
1.1162831396956827,2.8278696951217466
1.7126880525907382,3.445630997732645
1.8393101127900042,2.090445049597315
0.9700809198423699,0.884433921386364
1.542470663586231,2.442762969515335
0.9092964589169679,1.4534500915706337
1.776443271450631,1.670225263949128
1.0142323395931285,3.5135851411077983
0.6656701291196192,2.641653231431327
0.8644918643006271,1.025350385007756
1.686901830692593,3.563561728837156
0.4283044963525272,-0.32115503165904125
1.5521452387047154,3.4029281462730205
0.397555205233143,1.6259867160986046
2.0759785333096,-0.29655643356352135
1.7251501427450755,-2.0590936374157085
0.6290464243528135,0.8402808207466161
1.9763027256488233,0.3798805134441532
2.3930711391499395,2.0825561986599594
1.5346209064805796,2.379230065724533
1.4755767798178308,-0.6333896595965158
0.4113458144266826,3.0031679404594716
0.72975417950605,0.7187154378343774
1.8983408071796233,1.6128613627657773
1.2608161647139098,0.9457408389987407
1.2959446241290578,1.626421388844731
0.9171318148981495,2.1595715480610673
2.1376109523925257,1.0935519587153624
1.186703987902117,0.3672946395244452
1.49269147408085,-0.9789813461828305
0.7250965210021327,0.9023166656860689
2.411811143061184,-0.39320579974216496
1.5494548873925718,-0.5418978855100369
0.042694588414675216,4.70507680012342
0.7353943663332834,3.3999956477006608
0.7703837859687808,-0.011084135343248036
1.5069482306663644,-1.1514787879117563
1.2002927770259337,0.35832646160764847
1.204990510472949,0.8653358462461236
1.391324536497468,0.16038490604527955
0.6548875410531475,0.48806409071759926
0.6517966195286639,1.3457708703941462
0.6949836679919061,-0.719120638126233
0.21210866346425883,0.46127288806720523
2.0893003626562368,3.0161027772710396
0.38353561965903615,2.372803195435862
1.6005362749013186,1.1158279900330528
0.8629060404440634,1.8533601494949121
-0.8068889879910741,3.881047695398855
1.919568407676705,0.5094141286446554
0.2592093448624616,1.4632711549409199
0.7348741383015217,2.8532804910152163
1.1804000663178933,2.5662868222011186
0.7088316895071418,4.050266271741474
1.4531071155833146,3.0904533601513293
0.9269288186519418,1.9435853300238946
1.6963522000135214,-1.0183869081386394
1.2819776525549655,4.192987110090254
1.1381544544514324,3.2963821553047987
2.3930044359470584,1.0092578818750662
1.896090342624591,3.331773081923293
1.2776399710470827,1.633136892336708
0.8706280985527044,1.638114725480952
0.8405483265156106,3.144202239730109
1.327265565704588,0.48801703218658576
0.3157783640329891,2.34712894740525
1.2614389370760977,0.9437902743194638
0.540611038881806,0.8600466129066507
1.1506313564184896,1.9136529201037282
1.594016117845498,3.444026691019709
1.620689386786208,3.0360558397083337
0.6485892661954047,2.9006557130953836
0.85925350134312,1.197533751723606
1.511281413044045,1.9299945768537174
0.6604688235759926,2.8918826693993323
0.9702652961153406,2.9705836983159024
1.5253338843908575,3.377677224741144
1.7123395976826614,0.5594013754972749
0.18327865281181854,2.7879628882316783
1.2479610977617779,1.5639789551416128
1.7183800463641907,2.520735017271843
1.3494250455184424,4.046981008375804
1.4506664935130664,3.2008204251012264
0.9628192007959608,2.2520237499247435
2.461998726923765,1.218084481785604
1.4099456557992984,1.6697708262730204
1.7478652596320519,1.2661875264520484
1.437706205753662,3.821217308010064
0.9306420837553303,-0.4183043737276444
1.9353169188054373,0.7067093909144755
1.762657494937204,-0.709568508059184
1.2092260482391306,1.2440813764716387
1.6806616128972132,0.3680180201192662
1.4679872443711088,1.799062383211088
2.1665372246053396,1.278638549098357
1.4224080152982843,2.671422517567394
0.5622392940945352,0.3052599666232503
0.4604223729732959,-0.1124018901368753
1.2384955024491753,1.9472551686297368
2.2882070228937135,1.2326799899155738
1.1939303924713427,2.1978009823478213
1.3396321396704014,2.3474910923921732
1.042625658015452,-0.17385795932073012
0.6541882040683026,2.616171652060387
1.1880577144304696,1.845930316186151
0.5476860637218106,3.3892300087830773
1.1290905562311382,3.1709769087577913
1.148110643440737,1.7421080326819194
1.168033299408132,1.937492190813749
1.486783219014242,1.4324921598696303
0.8120740940195925,2.249966206556806
0.25679265730128165,3.288406282944834
1.2669857054704097,3.3196316629634266
3.0622275435033597,0.7623530402800966
2.4875146181274186,0.8285231588215504
0.882906677472451,0.982180767584756
1.5759391845447972,0.4383876411425325
0.5249545465678613,-0.38501122695333834
1.6151694548458602,0.9281954316427681
2.2072805859930646,-1.394746057487961
0.9891302645994584,2.981539391924171
1.6037492749493591,3.576508385737788
1.0700511603553555,1.6327990363811962
1.0080637430246233,2.842926300020803
1.7925599301308253,1.9397900082238622
1.2748765659458696,2.6336084025098225
1.136067843918937,1.6972074873783234
0.9435077142533835,0.7055271630052702
0.9919941169033839,0.6364437906409413
-0.8528723577404809,1.890753077308002
1.439944002575075,1.6274615947277482
1.6201583323067028,-0.2589148546319644
1.6879797035823594,2.4546569444422794
2.127843735936014,0.2869703207123466
1.430433160285772,1.7569056014605122
1.7277338789878107,-0.39781048375840067
1.8150592313811722,1.162317366447606
1.2569908378022538,3.7120944564298304
0.7791976377445357,2.440906496086977
1.00094613979779,2.111286338604409
1.7950101829417084,1.1006276895163842
1.5038108640709194,0.6668400467629949
0.43012900551783495,1.2015348863740771
0.06731370297098938,3.571681995842678
0.5312548032416435,1.6709886860702097
1.7876967140196842,2.4100435394055055
1.7530733006960717,1.3506938151123855
1.008798222613516,0.8333284961964202
0.8188859935699808,-0.6357958076841772
0.41821900648150734,1.8771187467877715
0.8928050034093329,2.086116969247966
1.5207557956783329,1.3882228592161276
1.560262020056832,3.3810647014991897
2.0288119408024867,0.7409084594670894
1.3760396519663056,3.2407545303304337
0.7665119390244793,1.9975414886019438
1.6075047607394648,1.3985625659059275
0.4847937086363119,-0.9220052512185926
1.622639978713062,2.0272533077108905
1.0279817899735495,0.5244199174581448
1.320097409602555,3.081554890137303
0.7255845945015308,1.7056100110219283
0.37431005864852873,3.733620461485371
0.9269763640946207,2.704632378397237
1.2080893905416208,1.0785216029770432
1.8280431650980236,1.9233485663665557
1.3961281202965181,2.771672010867653
0.3492465277259523,3.5893155324509305
1.4654635527672655,2.9261989968341355
0.49808534976666974,2.2430530789092415
1.086303953014527,1.545768216760052
0.5387321879657816,1.3274832050763679
1.1436281225637062,1.2847670861782448
0.9071050217540262,1.257955666084707
0.5735164916851844,1.4942392898977488
0.4805709858706454,1.2478805592605273
0.8976542500231321,0.13704004716903517
1.347899741554384,4.52624786519515
1.7084693109259614,-0.952701708919018
0.7644432056569664,2.922423825381826
0.6001988248272414,1.4337382926598528
1.4059600026130286,3.6607314617356836
1.0993214686029318,1.7279906973776646
0.9231282732606132,2.80341777941807
1.8529770300994586,0.048422884807500344
2.3021558990608177,0.4538291146247855
2.7118526454667853,1.7318744129274624
0.5302357527779601,2.2744605947258294
1.4618788997114402,2.483797881861242
1.5712223180219216,3.759706218148114
1.1146202108243448,2.9073424305786766
1.1707369570641624,0.5382182031192166
0.23914665391881118,2.0724837918167456
0.6754755244597823,4.362951802365002
1.6590910424135537,1.0684871472722888
0.4556753295812792,0.510341323483976
1.8176826662920786,2.07498647420966
0.5180615672945323,1.2123378466765453
1.1391043922101431,2.3910590205058377
0.2913574503375106,1.7716043841150817
0.6177231610257832,3.1309113288625143
1.1502558374771914,2.5197949362186804
0.36697951803106543,2.115176128474362
0.8124491579201489,0.8283181814170616
0.7986099235948725,0.3304430060182084
2.031016080042506,1.4475212015134216
1.267758609200613,1.0545128141700875
2.036130160827219,0.3976395486311257
0.5835585384369599,0.834109420361776
1.4006268578888799,1.4541418999458355
0.8817980996233946,1.7551399258374079
0.5016890281907398,4.489794220049502
1.1760701205147719,0.9053109970546738
1.6423555335081015,1.6255842609836213
1.9689747898673677,-0.3854793018717828
1.0465318722990173,1.444223685468306
0.9581897705013731,3.615767502200245
1.4294100494027147,-0.7553963637988774
0.22546370308320363,3.522598844867076
1.7020698645167172,2.1024338185540654
0.9200194740225645,2.5362415808343295
1.3369250271009758,0.9180256726706044
0.029272127263500813,2.1669429184347977
0.7399176091799106,2.174999563162875
0.6382939795974522,3.153076765465721
1.4401985619697097,0.9137801882055822
1.3543869535710782,3.9597011484002835
1.676090483497615,3.5024511565889975
1.0461082751131843,1.91503252412364
0.6756377640677024,0.11523971594327853
1.9740248585003797,5.6136426110134625
1.6011433326137903,1.5342351101187859
0.8728503323563432,0.5372440805786218
1.5567808667267062,1.4641015054397262
1.225205849944842,0.8353520949109876
0.21255774083834977,1.7546347964336089
1.096262865235715,1.3731014802396622
0.7418137685544258,0.8568145836407328
0.7611534120557459,2.248924649580675
0.8563101635309908,4.215802613371984
0.5990884240263061,1.6016933082356402
0.9339009377276781,1.7436295893862261
0.3108692407220548,2.6353098632674423
1.1137491958032255,1.9536792894177726
0.9846502619139424,4.053952254827356
0.681864623161464,1.7956636405798128
0.8512656572587963,0.9470169519016083
1.1476730842391498,-1.0127155427620864
1.272711293813731,3.64168204536264
0.9366497885399412,1.583056905302462
0.5399834339784017,2.713181877187889
0.44738324591023637,2.6090445640605378
1.6575000912215176,0.45268742574455434
0.7869934143452834,0.5188257048068683
0.2414265057373881,1.5062499597929258
0.4900830876492428,-1.2241220539509965
1.9653877145601444,3.581661779672803
1.3436313483255218,3.158599958596138
1.1803407689649774,0.3790124810995985
2.0155828242066107,0.8622874870223487
1.3559682106896738,2.7572489730457312
1.101492111888138,3.939251968244844
1.6137733659108928,1.1660072981115777
1.7295235025134041,0.7309090171613717
0.7744915415666009,0.14120946123163503
1.3607307119433287,-1.6683348637118285
1.812746685592121,3.3381444708799295
2.20868071854425,-0.16961755594243333
0.44953394414229164,-0.2562079645268023
0.196095226191084,1.1394627859317916
2.010859587760212,1.891321719518964
2.264686391839441,0.01666761683263207
0.6413616644237005,1.911223848166793
0.8385702214124562,1.8641899784284226
1.8213530274918925,2.3252892441694026
0.8283866225172972,3.337329552554271
1.4068098849052073,1.173382024531529
2.0820663060775515,1.6980994648823857
1.1363404857321306,1.6423752671529956
1.1248354699021132,1.63554631399058
1.4595826096952287,2.4074023794443185
0.93391860187885,-1.7728585004039576
0.2326679031479012,3.6085548618455796
0.44970340035995504,2.033951128155662
-0.008352768411565181,3.0378999362190227
0.48042631410621506,2.0844856789652355
0.8059332891035469,1.3523812609232913
1.9141556133095714,-0.020551260525764725
1.8695883029368114,-0.4892770433381548
0.4399706287541435,1.1776493317976469
1.2847393100379447,0.8729085158297573
0.9109319418414545,2.951038328431732
1.0388218707935526,1.4444091299097914
0.9930625911200156,0.15042163751036353
1.8122579525528328,0.34388617494844853
1.8724042346275382,-1.0168419857736546
1.8722517059418893,1.725407926830914
1.2494378817305383,2.3704798210363123
0.9687295737255888,0.9820866119656142
1.8554414784558115,3.816148580396104
0.7907737098599372,-0.2608794053893546
-0.03226146910007821,2.025892589866423
1.106428523995452,1.3148994760805348
0.583680756958669,4.589175782885736
0.4502463760318762,0.558763469657021
1.3977442727850797,3.455444083971403
1.3244899900084919,2.7079736979834776
1.482108388749721,2.8835880261717355
0.6031915525328753,1.491261161221209
0.7098343230117206,1.1820299166751886
0.5164167705496032,-0.8562490515456394
2.3231090633828435,0.612203777450764
1.279376256458897,3.2293220476428024
1.622036922137936,0.1918345137108175
0.37595655879537127,2.901460780966311
2.013454418054252,2.380550527956961
1.0660060025397204,2.357866351607939
1.3554584234579024,1.0580892533027657
-0.20242199275493777,-1.3482654231818945
